Metropolitan Area,State
New York,NY-NJ-PA
Los Angeles,CA
Chicago,IL-IN-WI
Dallas,TX
Philadelphia,PA-NJ-DE-MD
Houston,TX
Miami,FL
Washington,DC-VA-MD-WV
Atlanta,GA
Boston,MA-NH
Detroit,MI
San Francisco,CA
Phoenix,AZ
Riverside,CA
Seattle,WA
Minneapolis,MN-WI
San Diego,CA
St. Louis,MO-IL
Tampa,FL
Baltimore,MD
Denver,CO
Pittsburgh,PA
Portland,OR-WA
Cincinnati,OH-KY-IN
Cleveland,OH
Sacramento,CA
Orlando,FL
San Antonio,TX
Kansas City,MO-KS
Las Vegas,NV
San Jose,CA
Columbus,OH
Indianapolis,IN
Virginia Beach,VA-NC
Charlotte,NC-SC
Providence,RI-MA
Austin,TX
Milwaukee,WI
Nashville,TN
Jacksonville,FL
Memphis,TN-MS-AR
Louisville,KY-IN
Richmond,VA
Oklahoma City,OK
Hartford,CT
Buffalo,NY
Birmingham,AL
Salt Lake City,UT
Raleigh,NC
Rochester,NY
